{"info":{"team type":null,"cutoff":1630.0,"cutoff deviation":0,"metagame":"gen4lc","number of battles":47},"data":{"Chinchou":{"Moves":{"agility":0.3575008656,"hiddenpowerground":0.3575008656,"thunderbolt":0.0,"signalbeam":0.0,"icebeam":0.3575008656,"hiddenpowergrass":0.0,"hydropump":0.3575008656},"Checks and Counters":{},"Abilities":{"voltabsorb":0.3575008656},"Teammates":{"Duskull":0.2239281747,"Voltorb":0.0,"Anorith":0.0,"Taillow":-0.0331485885,"Glameow":0.0,"Snorunt":0.0,"Omanyte":0.0,"Munchlax":0.0331485885,"Gastly":0.0,"Machop":0.0331485885,"Diglett":-0.0331485885,"Gligar":0.0,"Porygon":-0.1907795862,"Azurill":0.0,"Cyndaquil":0.0,"Doduo":-0.0331485885,"Stunky":0.0,"Mankey":0.0,"Onix":0.0,"Mantyke":0.0,"Bronzor":-0.0942905673,"Houndour":0.318218742,"Staryu":0.0},"usage":0.1098798,"Items":{"lifeorb":0.0,"choicescarf":0.0,"oranberry":0.3575008656},"Raw count":12,"Spreads":{"Modest:0\/0\/52\/232\/0\/220":0.0,"Modest:0\/0\/52\/228\/0\/220":0.0,"Timid:0\/0\/52\/232\/0\/220":0.3575008656,"Timid:0\/0\/52\/228\/0\/220":0.0},"Happiness":{"255":0.3575008656},"Viability Ceiling":[9,63,63,62]},"Snover":{"Moves":{"protect":0.0,"iceshard":1.7362573649,"blizzard":1.7362573649,"woodhammer":1.7362573649,"icepunch":0.0,"swordsdance":1.7362573649,"seedbomb":0.0,"hiddenpowerfire":0.0},"Checks and Counters":{},"Abilities":{"snowwarning":1.7362573649},"Teammates":{"Bagon":0.0,"Munchlax":0.1609911652,"Bronzor":-0.457936491,"Houndour":-0.190779612,"Machop":0.1609911652,"Gastly":0.0,"Drifloon":0.648716103,"Slowpoke":-0.457936491,"Elekid":0.0,"Gligar":-0.0,"Porygon":0.8097072682,"Wailmer":0.0,"Mankey":0.0,"Duskull":-0.648716103,"Magnemite":-0.1609911653,"Dratini":0.0,"Totodile":0.0,"empty":0.0},"usage":0.5336479,"Items":{"focussash":0.0,"lifeorb":1.7362573649,"oranberry":0.0,"occaberry":0.0},"Raw count":16,"Spreads":{"Adamant:196\/184\/36\/0\/52\/40":0.0,"Adamant:196\/180\/36\/20\/36\/36":1.7362573649,"Adamant:196\/184\/36\/24\/0\/40":0.0,"Modest:36\/0\/0\/184\/0\/200":0.0,"Naughty:0\/100\/0\/180\/0\/196":0.0,"Adamant:0\/180\/116\/0\/196\/0":0.0},"Happiness":{"255":1.7362573649},"Viability Ceiling":[7,66,66,55]},"Houndour":{"Moves":{"sludgebomb":0.0,"crunch":0.0,"protect":0.0,"flamethrower":0.0,"overheat":0.0,"hiddenpowerfighting":0.0,"darkpulse":0.3575008656,"taunt":0.0,"substitute":0.0,"thunderfang":0.0,"irontail":0.0,"suckerpunch":0.3575008656,"hiddenpowerground":0.3575008656,"pursuit":0.0,"reversal":0.0,"hiddenpowergrass":0.0,"shadowball":0.0,"fireblast":0.3575008656,"firefang":0.0},"Checks and Counters":{},"Abilities":{"flashfire":0.0,"earlybird":0.3575008656},"Teammates":{"Duskull":0.2239281747,"Slowpoke":-0.0942905673,"Kabuto":0.0,"Piplup":0.0,"Bulbasaur":0.0,"Diglett":-0.0331485885,"Abra":0.0,"Surskit":0.0,"Munchlax":0.0331485885,"Taillow":-0.0331485885,"Clamperl":0.0,"Glameow":0.0,"Snorunt":0.0,"Aipom":0.0,"Totodile":0.0,"Gastly":0.0,"Machop":0.0331485885,"Spinarak":0.0,"Elekid":0.0,"Gligar":0.0,"Azurill":0.0,"Croagunk":0.0,"Snover":-0.1907795862,"Magnemite":-0.0331485885,"Chinchou":0.318218742,"Rhyhorn":0.0,"Bellsprout":0.0,"Mankey":0.0,"Dratini":0.0,"Onix":0.0,"Pineco":0.0,"Mantyke":0.0,"Bronzor":-0.0942905673,"Wooper":0.0,"Hippopotas":0.0,"Staryu":0.0},"usage":0.1098798,"Items":{"choicespecs":0.0,"leftovers":0.0,"lifeorb":0.3575008656,"choicescarf":0.0,"focussash":0.0,"choiceband":0.0},"Raw count":17,"Spreads":{"Hasty:76\/196\/0\/0\/0\/236":0.0,"Timid:0\/0\/0\/200\/40\/240":0.0,"Naive:0\/40\/0\/200\/0\/240":0.0,"Lonely:0\/196\/0\/196\/36\/76":0.0,"Modest:0\/0\/116\/196\/196\/0":0.0,"Hasty:0\/36\/36\/200\/0\/236":0.0,"Naive:0\/76\/0\/196\/0\/236":0.0,"Timid:0\/36\/36\/200\/0\/236":0.3575008656,"Mild:0\/196\/0\/196\/36\/76":0.0,"Adamant:0\/196\/116\/0\/196\/0":0.0,"Lonely:236\/236\/0\/36\/0\/0":0.0},"Happiness":{"255":0.3575008656},"Viability Ceiling":[14,63,63,61]},"Doduo":{"Moves":{"return":0.7265601131,"bravebird":0.7265601131,"drillpeck":0.0,"hiddenpowerfighting":0.7265601131,"facade":0.0,"quickattack":0.7265601131},"Checks and Counters":{},"Abilities":{"earlybird":0.7265601131},"Teammates":{"Voltorb":0.0,"Magnemite":0.234311711,"Chinchou":-0.0798342799,"Gastly":0.0,"Diglett":0.234311711,"Gligar":-0.4248794961,"Drifloon":-0.1534155676,"Anorith":0.0,"Taillow":0.234311711},"usage":0.0927231,"Items":{"lifeorb":0.7265601131,"choiceband":0.0},"Raw count":6,"Spreads":{"Naughty:0\/240\/0\/0\/0\/240":0.7265601131,"Jolly:0\/236\/0\/0\/0\/236":0.0},"Happiness":{"255":0.7265601131},"Viability Ceiling":[2,68,68,68]},"Slowpoke":{"Moves":{"surf":0.0,"lightscreen":0.0,"zenheadbutt":0.8581247625,"psychic":0.0,"raindance":0.0,"slackoff":0.8581247625,"hiddenpowerelectric":0.0,"thunderwave":0.8581247625,"aquatail":0.8581247625,"fireblast":0.0},"Checks and Counters":{},"Abilities":{"owntempo":0.8581247625,"oblivious":0.0},"Teammates":{"Porygon":-0.4579364774,"Bronzor":0.6317950429,"Houndour":-0.0942905773,"Machop":0.0795679882,"Gastly":0.0,"Magikarp":0.0,"Gligar":-0.0,"Elekid":0.0,"Duskull":0.5375044656,"Phanpy":0.0,"Snover":-0.4579364774,"Eevee":0.0,"Cubone":0.0,"Wynaut":0.0,"Munchlax":0.0795679882,"Shinx":0.0,"Cranidos":0.0},"usage":0.2637492,"Items":{"leftovers":0.0,"oranberry":0.8581247625},"Raw count":11,"Spreads":{"Adamant:252\/252\/0\/0\/0\/4":0.0,"Modest:0\/0\/76\/200\/196\/0":0.0,"Impish:196\/0\/236\/0\/36\/0":0.0,"Adamant:36\/156\/236\/0\/36\/0":0.8581247625},"Happiness":{"255":0.8581247625},"Viability Ceiling":[4,63,63,63]},"Bronzor":{"Moves":{"hiddenpowerice":0.8581247625,"psychic":0.8581247625,"stealthrock":0.8581247625,"hiddenpowerfire":0.0,"recycle":0.0,"earthquake":0.8581247625},"Checks and Counters":{},"Abilities":{"levitate":0.8581247625},"Teammates":{"Duskull":0.5375044656,"Slowpoke":0.6317950429,"Magby":0.0,"Diglett":-0.0795679882,"Munchlax":0.0795679882,"Glameow":0.0,"Gastly":0.0,"Machop":0.0795679882,"Elekid":0.0,"Gligar":-0.0,"Carvanha":0.0,"Snover":-0.4579364774,"Magnemite":-0.0795679882,"Chinchou":-0.0942905773,"Wailmer":0.0,"Mankey":0.0,"Dratini":0.0,"Totodile":0.0,"Meowth":0.0,"Mantyke":0.0,"Houndour":-0.0942905773,"Staryu":0.0},"usage":0.2637492,"Items":{"oranberry":0.8581247625},"Raw count":20,"Spreads":{"Mild:0\/8\/0\/244\/228\/12":0.0,"Relaxed:220\/8\/152\/4\/112\/12":0.0,"Relaxed:220\/8\/152\/4\/68\/12":0.8581247625,"Sassy:220\/8\/152\/4\/68\/12":0.0,"Sassy:220\/8\/152\/4\/112\/12":0.0,"Relaxed:220\/8\/148\/4\/68\/12":0.0},"Happiness":{"255":0.8581247625},"Viability Ceiling":[10,63,63,57]},"Machop":{"Moves":{"dynamicpunch":2.951882993,"protect":2.0937582305,"bulletpunch":1.7362573649,"rockslide":0.8581247625,"icepunch":1.2156256281,"bulkup":0.0,"firepunch":0.0,"payback":2.951882993},"Checks and Counters":{},"Abilities":{"noguard":2.951882993},"Teammates":{"Porygon":0.1609912046,"Croagunk":0.0,"Bronzor":0.0795679846,"Houndour":0.0331485527,"Abra":0.0,"Chinchou":0.0331485527,"Gastly":0.0,"Slowpoke":0.0795679846,"Gligar":-0.0,"Wailmer":0.0,"Phanpy":0.0,"Snover":0.1609912046,"Diglett":-0.2737077419,"Stunky":0.0,"Drifloon":-0.1127165373,"Staryu":0.0,"Barboach":0.0,"Munchlax":0.2737077419,"Onix":0.0,"Duskull":0.1127165373,"Cranidos":0.0},"usage":0.9072769,"Items":{"oranberry":2.0937582305,"choicescarf":0.8581247625},"Raw count":26,"Spreads":{"Adamant:196\/196\/36\/0\/76\/0":1.7362573649,"Jolly:36\/196\/36\/0\/0\/236":0.8581247625,"Adamant:196\/36\/36\/0\/236\/0":0.0,"Jolly:0\/196\/0\/0\/76\/236":0.0,"Hardy:196\/196\/36\/0\/80\/0":0.0,"Adamant:196\/196\/36\/0\/0\/76":0.0,"Adamant:116\/196\/116\/0\/0\/76":0.3575008656},"Happiness":{"255":2.951882993},"Viability Ceiling":[9,66,66,63]},"Diglett":{"Moves":{"protect":0.0,"slash":0.0,"hiddenpowerice":0.7265601131,"rockslide":0.0,"stealthrock":0.0,"suckerpunch":0.7265601131,"pursuit":0.0,"reversal":0.0,"earthquake":0.7265601131,"substitute":0.7265601131},"Checks and Counters":{},"Abilities":{"arenatrap":0.7265601131},"Teammates":{"Mantyke":0.0,"Voltorb":0.0,"Houndour":-0.0798342799,"Doduo":0.234311711,"Anorith":0.0,"Gastly":0.0,"Drifloon":-0.1534155676,"Machop":-0.6591912071,"Bellsprout":0.0,"Surskit":0.0,