{"info":{"team type":null,"cutoff":1760.0,"cutoff deviation":0,"metagame":"gen4lc","number of battles":47},"data":{"Chinchou":{"Moves":{"agility":0.0387931307,"hiddenpowerground":0.0387931307,"thunderbolt":0.0,"signalbeam":0.0,"icebeam":0.0387931307,"hiddenpowergrass":0.0,"hydropump":0.0387931307},"Checks and Counters":{},"Abilities":{"voltabsorb":0.0387931307},"Teammates":{"Duskull":0.0264696238,"Voltorb":0.0,"Anorith":0.0,"Taillow":-0.0026885773,"Glameow":0.0,"Snorunt":0.0,"Omanyte":0.0,"Munchlax":0.0026885774,"Gastly":0.0,"Machop":0.0026885774,"Diglett":-0.0026885773,"Gligar":0.0,"Porygon":-0.0237810464,"Azurill":0.0,"Cyndaquil":0.0,"Doduo":-0.0026885773,"Stunky":0.0,"Mankey":0.0,"Onix":0.0,"Mantyke":0.0,"Bronzor":-0.0087472303,"Houndour":0.0352168541,"Staryu":0.0},"usage":0.0921884,"Items":{"lifeorb":0.0,"choicescarf":0.0,"oranberry":0.0387931307},"Raw count":12,"Spreads":{"Modest:0\/0\/52\/232\/0\/220":0.0,"Modest:0\/0\/52\/228\/0\/220":0.0,"Timid:0\/0\/52\/232\/0\/220":0.0387931307,"Timid:0\/0\/52\/228\/0\/220":0.0},"Happiness":{"255":0.0387931307},"Viability Ceiling":[9,63,63,62]},"Snover":{"Moves":{"protect":0.0,"iceshard":0.2579613051,"blizzard":0.2579613051,"woodhammer":0.2579613051,"icepunch":0.0,"swordsdance":0.2579613051,"seedbomb":0.0,"hiddenpowerfire":0.0},"Checks and Counters":{},"Abilities":{"snowwarning":0.2579613051},"Teammates":{"Bagon":0.0,"Munchlax":0.0178781373,"Bronzor":-0.0581661469,"Houndour":-0.02378104,"Machop":0.0178781373,"Gastly":0.0,"Drifloon":0.0819471869,"Slowpoke":-0.0581661469,"Elekid":0.0,"Gligar":0.0,"Porygon":0.0998253242,"Wailmer":0.0,"Mankey":0.0,"Duskull":-0.0819471869,"Magnemite":-0.0178781372,"Dratini":0.0,"Totodile":0.0,"empty":0.0},"usage":0.6130221,"Items":{"focussash":0.0,"lifeorb":0.2579613051,"oranberry":0.0,"occaberry":0.0},"Raw count":16,"Spreads":{"Adamant:196\/184\/36\/0\/52\/40":0.0,"Adamant:196\/180\/36\/20\/36\/36":0.2579613051,"Adamant:196\/184\/36\/24\/0\/40":0.0,"Modest:36\/0\/0\/184\/0\/200":0.0,"Naughty:0\/100\/0\/180\/0\/196":0.0,"Adamant:0\/180\/116\/0\/196\/0":0.0},"Happiness":{"255":0.2579613051},"Viability Ceiling":[7,66,66,55]},"Houndour":{"Moves":{"sludgebomb":0.0,"crunch":0.0,"protect":0.0,"flamethrower":0.0,"overheat":0.0,"hiddenpowerfighting":0.0,"darkpulse":0.0387931307,"taunt":0.0,"substitute":0.0,"thunderfang":0.0,"irontail":0.0,"suckerpunch":0.0387931307,"hiddenpowerground":0.0387931307,"pursuit":0.0,"reversal":0.0,"hiddenpowergrass":0.0,"shadowball":0.0,"fireblast":0.0387931307,"firefang":0.0},"Checks and Counters":{},"Abilities":{"flashfire":0.0,"earlybird":0.0387931307},"Teammates":{"Duskull":0.0264696238,"Slowpoke":-0.0087472303,"Kabuto":0.0,"Piplup":0.0,"Bulbasaur":0.0,"Diglett":-0.0026885773,"Abra":0.0,"Surskit":0.0,"Munchlax":0.0026885774,"Taillow":-0.0026885773,"Clamperl":0.0,"Glameow":0.0,"Snorunt":0.0,"Aipom":0.0,"Totodile":0.0,"Gastly":0.0,"Machop":0.0026885774,"Spinarak":0.0,"Elekid":0.0,"Gligar":0.0,"Azurill":0.0,"Croagunk":0.0,"Snover":-0.0237810464,"Magnemite":-0.0026885773,"Chinchou":0.0352168541,"Rhyhorn":0.0,"Bellsprout":0.0,"Mankey":0.0,"Dratini":0.0,"Onix":0.0,"Pineco":0.0,"Mantyke":0.0,"Bronzor":-0.0087472303,"Wooper":0.0,"Hippopotas":0.0,"Staryu":0.0},"usage":0.0921884,"Items":{"choicespecs":0.0,"leftovers":0.0,"lifeorb":0.0387931307,"choicescarf":0.0,"focussash":0.0,"choiceband":0.0},"Raw count":17,"Spreads":{"Hasty:76\/196\/0\/0\/0\/236":0.0,"Timid:0\/0\/0\/200\/40\/240":0.0,"Naive:0\/40\/0\/200\/0\/240":0.0,"Lonely:0\/196\/0\/196\/36\/76":0.0,"Modest:0\/0\/116\/196\/196\/0":0.0,"Hasty:0\/36\/36\/200\/0\/236":0.0,"Naive:0\/76\/0\/196\/0\/236":0.0,"Timid:0\/36\/36\/200\/0\/236":0.0387931307,"Mild:0\/196\/0\/196\/36\/76":0.0,"Adamant:0\/196\/116\/0\/196\/0":0.0,"Lonely:236\/236\/0\/36\/0\/0":0.0},"Happiness":{"255":0.0387931307},"Viability Ceiling":[14,63,63,61]},"Doduo":{"Moves":{"return":0.0929608832,"bravebird":0.0929608832,"drillpeck":0.0,"hiddenpowerfighting":0.0929608832,"facade":0.0,"quickattack":0.0929608832},"Checks and Counters":{},"Abilities":{"earlybird":0.0929608832},"Teammates":{"Voltorb":0.0,"Magnemite":0.0227212199,"Chinchou":-0.0085699151,"Gastly":0.0,"Diglett":0.0227212199,"Gligar":-0.0637969628,"Drifloon":-0.0342658559,"Anorith":0.0,"Taillow":0.0227212199},"usage":0.0693055,"Items":{"lifeorb":0.0929608832,"choiceband":0.0},"Raw count":6,"Spreads":{"Naughty:0\/240\/0\/0\/0\/240":0.0929608832,"Jolly:0\/236\/0\/0\/0\/236":0.0},"Happiness":{"255":0.0929608832},"Viability Ceiling":[2,68,68,68]},"Slowpoke":{"Moves":{"surf":0.0,"lightscreen":0.0,"zenheadbutt":0.0948842335,"psychic":0.0,"raindance":0.0,"slackoff":0.0948842335,"hiddenpowerelectric":0.0,"thunderwave":0.0948842335,"aquatail":0.0948842335,"fireblast":0.0},"Checks and Counters":{},"Abilities":{"owntempo":0.0948842335,"oblivious":0.0},"Teammates":{"Porygon":-0.0581661321,"Bronzor":0.073489357,"Houndour":-0.0087472257,"Machop":0.0065759992,"Gastly":0.0,"Magikarp":0.0,"Gligar":-0.0,"Elekid":0.0,"Duskull":0.0647421313,"Phanpy":0.0,"Snover":-0.0581661321,"Eevee":0.0,"Cubone":0.0,"Wynaut":0.0,"Munchlax":0.0065759992,"Shinx":0.0,"Cranidos":0.0},"usage":0.225484,"Items":{"leftovers":0.0,"oranberry":0.0948842335},"Raw count":11,"Spreads":{"Adamant:252\/252\/0\/0\/0\/4":0.0,"Modest:0\/0\/76\/200\/196\/0":0.0,"Impish:196\/0\/236\/0\/36\/0":0.0,"Adamant:36\/156\/236\/0\/36\/0":0.0948842335},"Happiness":{"255":0.0948842335},"Viability Ceiling":[4,63,63,63]},"Bronzor":{"Moves":{"hiddenpowerice":0.0948842335,"psychic":0.0948842335,"stealthrock":0.0948842335,"hiddenpowerfire":0.0,"recycle":0.0,"earthquake":0.0948842335},"Checks and Counters":{},"Abilities":{"levitate":0.0948842335},"Teammates":{"Duskull":0.0647421313,"Slowpoke":0.073489357,"Magby":0.0,"Diglett":-0.0065759992,"Munchlax":0.0065759992,"Glameow":0.0,"Gastly":0.0,"Machop":0.0065759992,"Elekid":0.0,"Gligar":-0.0,"Carvanha":0.0,"Snover":-0.0581661321,"Magnemite":-0.0065759992,"Chinchou":-0.0087472257,"Wailmer":0.0,"Mankey":0.0,"Dratini":0.0,"Totodile":0.0,"Meowth":0.0,"Mantyke":0.0,"Houndour":-0.0087472257,"Staryu":0.0},"usage":0.225484,"Items":{"oranberry":0.0948842335},"Raw count":20,"Spreads":{"Mild:0\/8\/0\/244\/228\/12":0.0,"Relaxed:220\/8\/152\/4\/112\/12":0.0,"Relaxed:220\/8\/152\/4\/68\/12":0.0948842335,"Sassy:220\/8\/152\/4\/68\/12":0.0,"Sassy:220\/8\/152\/4\/112\/12":0.0,"Relaxed:220\/8\/148\/4\/68\/12":0.0},"Happiness":{"255":0.0948842335},"Viability Ceiling":[10,63,63,57]},"Machop":{"Moves":{"dynamicpunch":0.3916386694,"protect":0.2967544359,"bulletpunch":0.2579613051,"rockslide":0.0948842335,"icepunch":0.1336773642,"bulkup":0.0,"firepunch":0.0,"payback":0.3916386694},"Checks and Counters":{},"Abilities":{"noguard":0.3916386694},"Teammates":{"Porygon":0.0178781456,"Croagunk":0.0,"Bronzor":0.0065759798,"Houndour":0.0026885884,"Abra":0.0,"Chinchou":0.0026885884,"Gastly":0.0,"Slowpoke":0.0065759798,"Gligar":-0.0,"Wailmer":0.0,"Phanpy":0.0,"Snover":0.0178781456,"Diglett":-0.0271427138,"Stunky":0.0,"Drifloon":-0.0092645682,"Staryu":0.0,"Barboach":0.0,"Munchlax":0.0271427138,"Onix":0.0,"Duskull":0.0092645682,"Cranidos":0.0},"usage":0.9306945,"Items":{"oranberry":0.2967544359,"choicescarf":0.0948842335},"Raw count":26,"Spreads":{"Adamant:196\/196\/36\/0\/76\/0":0.2579613051,"Jolly:36\/196\/36\/0\/0\/236":0.0948842335,"Adamant:196\/36\/36\/0\/236\/0":0.0,"Jolly:0\/196\/0\/0\/76\/236":0.0,"Hardy:196\/196\/36\/0\/80\/0":0.0,"Adamant:196\/196\/36\/0\/0\/76":0.0,"Adamant:116\/196\/116\/0\/0\/76":0.0387931307},"Happiness":{"255":0.3916386694},"Viability Ceiling":[9,66,66,63]},"Diglett":{"Moves":{"protect":0.0,"slash":0.0,"hiddenpowerice":0.0929608832,"rockslide":0.0,"stealthrock":0.0,"suckerpunch":0.0929608832,"pursuit":0.0,"reversal":0.0,"earthquake":0.0929608832,"substitute":0.0929608832},"Checks and Counters":{},"Abilities":{"arenatrap":0.0929608832},"Teammates":{"Mantyke":0.0,"Voltorb":0.0,"Houndour":-0.0085699151,"Doduo":0.0227212199,"Anorith":0.0,"Gastly":0.0,"Drifloon":-0.0342658559,"Machop":-0.0865181827,"Bellsprout":0.0,